id,gini
1001,0.41
1003,0.4517
1005,0.4608
1007,0.4365
1009,0.4134
1011,0.446
1013,0.4591
1015,0.4545
1017,0.5023
1019,0.4658
1021,0.4517
1023,0.4866
1025,0.5249
1027,0.4373
1029,0.4432
1031,0.4474
1033,0.4361
1035,0.4952
1037,0.4341
1039,0.4637
1041,0.4589
1043,0.4582
1045,0.434
1047,0.5281
1049,0.4431
1051,0.4103
1053,0.4742
1055,0.4458
1057,0.467
1059,0.4386
1061,0.448
1063,0.4876
1065,0.5082
1067,0.4402
1069,0.473
1071,0.4473
1073,0.497
1075,0.4345
1077,0.4615
1079,0.4247
1081,0.4937
1083,0.4541
1085,0.5281
1087,0.4703
1089,0.4701
1091,0.5402
1093,0.4711
1095,0.4659
1097,0.4732
1099,0.492
1101,0.4771
1103,0.4488
1105,0.4924
1107,0.4608
1109,0.4938
1111,0.4525
1113,0.4535
1115,0.423
1117,0.4253
1119,0.4762
1121,0.4514
1123,0.4444
1125,0.4666
1127,0.4635
1129,0.4169
1131,0.5321
1133,0.4564
2013,0.3858
2016,0.3911
2020,0.4156
2050,0.4427
2060,0.3476
2068,0.3756
2070,0.4345
2090,0.4013
2100,0.4171
2105,0.4472
2110,0.3738
2122,0.419
2130,0.4057
2150,0.3984
2164,0.4362
2170,0.4042
2180,0.4427
2185,0.3777
2188,0.4034
2195,0.4422
2198,0.4319
2220,0.3862
2230,0.3761
2240,0.3944
2261,0.4059
2270,0.4011
2275,0.4157
2282,0.3488
2290,0.4509
4001,0.4693
4003,0.4496
4005,0.4701
4007,0.4274
4009,0.4242
4011,0.3889
4012,0.4115
4013,0.4616
4015,0.435
4017,0.4702
4019,0.4691
4021,0.4061
4023,0.4662
4025,0.4362
4027,0.4312
5001,0.4663
5003,0.4573
5005,0.4395
5007,0.437
5009,0.4486
5011,0.4891
5013,0.4337
5015,0.4315
5017,0.5465
5019,0.4804
5021,0.4192
5023,0.4735
5025,0.4447
5027,0.4634
5029,0.4646
5031,0.4831
5033,0.4281
5035,0.4558
5037,0.4468
5039,0.4288
5041,0.527
5043,0.484
5045,0.441
5047,0.4332
5049,0.4105
5051,0.4763
5053,0.404
5055,0.4287
5057,0.4633
5059,0.4241
5061,0.4683
5063,0.4578
5065,0.4442
5067,0.4469
5069,0.4732
5071,0.4784
5073,0.4594
5075,0.4238
5077,0.4856
5079,0.5077
5081,0.4214
5083,0.4596
5085,0.3871
5087,0.4481
5089,0.4025
5091,0.4337
5093,0.4688
5095,0.4905
5097,0.4202
5099,0.4563
5101,0.4478
5103,0.4582
5105,0.4287
5107,0.5069
5109,0.4508
5111,0.4259
5113,0.4558
5115,0.4377
5117,0.4121
5119,0.481
5121,0.4552
5123,0.4704
5125,0.3818
5127,0.4451
5129,0.4383
5131,0.4991
5133,0.4064
5135,0.4103
5137,0.4937
5139,0.4719
5141,0.4571
5143,0.4924
5145,0.4667
5147,0.4767
5149,0.4342
6001,0.4692
6003,0.4036
6005,0.4568
6007,0.4713
6009,0.4354
6011,0.4335
6013,0.4618
6015,0.4621
6017,0.453
6019,0.4726
6021,0.4897
6023,0.4576
6025,0.459
6027,0.4315
6029,0.4562
6031,0.4479
6033,0.4604
6035,0.421
6037,0.4992
6039,0.4441
6041,0.5218
6043,0.4507
6045,0.4712
6047,0.4607
6049,0.4465
6051,0.3534
6053,0.4579
6055,0.4585
6057,0.4418
6059,0.4637
6061,0.4361
6063,0.466
6065,0.4437
6067,0.4518
6069,0.4085
6071,0.4383
6073,0.4654
6075,0.5156
6077,0.4476
6079,0.4551
6081,0.4829
6083,0.4851
6085,0.4627
6087,0.4686
6089,0.4464
6091,0.4618
6093,0.4535
6095,0.4194
6097,0.451
6099,0.4493
6101,0.4552
6103,0.4269
6105,0.4517
6107,0.4588
6109,0.4378
6111,0.4429
6113,0.4815
6115,0.4174
8001,0.4047
8003,0.5202
8005,0.4623
8007,0.4281
8009,0.4474
8011,0.4481
8013,0.4758
8014,0.4232
8015,0.4192
8017,0.3911
8019,0.4655
8021,0.4257
8023,0.4943
8025,0.4565
8027,0.497
8029,0.4819
8031,0.5058
8033,0.4682
8035,0.3934
8037,0.454
8039,0.4055
8041,0.4421
8043,0.4323
8045,0.4089
8047,0.4341
8049,0.4028
8051,0.4259
8053,0.4382
8055,0.497
8057,0.3955
8059,0.4305
8061,0.4562
8063,0.4219
8065,0.3798
8067,0.4241
8069,0.4497
8071,0.437
8073,0.4701
8075,0.4589
8077,0.4559
8079,0.4092
8081,0.4097
8083,0.4273
8085,0.4153
8087,0.4021
8089,0.4647
8091,0.4108
8093,0.3836
8095,0.4606
8097,0.5384
8099,0.4472
8101,0.4437
8103,0.4044
8105,0.4441
8107,0.4539
8109,0.4858
8111,0.3694
8113,0.5133
8115,0.4201
8117,0.4359
8119,0.4013
8121,0.4338
8123,0.4225
8125,0.4176
9001,0.5426
9003,0.4725
9005,0.4391
9007,0.4333
9009,0.4675
9011,0.4297
9013,0.4004
9015,0.4158
10001,0.4087
10003,0.4507
10005,0.4288
11001,0.5295
12001,0.5168
12003,0.4348
12005,0.4347
12007,0.4533
12009,0.4474
12011,0.4782
12013,0.4378
12015,0.4314
12017,0.4511
12019,0.407
12021,0.5324
12023,0.4467
12027,0.4222
12029,0.4071
12031,0.473
12033,0.4504
12035,0.4363
12037,0.4904
12039,0.4535
12041,0.4572
12043,0.4439
12045,0.4413
12047,0.4664
12049,0.4835
12051,0.4594
12053,0.4201
12055,0.4375
12057,0.4792
12059,0.4458
12061,0.5251
12063,0.4511
12065,0.448
12067,0.4979
12069,0.4326
12071,0.4727
12073,0.4939
12075,0.4556
12077,0.4579
12079,0.452
12081,0.4626
12083,0.4356
12085,0.516
12086,0.5199
12087,0.5037
12089,0.4471
12091,0.4349
12093,0.4766
12095,0.4762
12097,0.4175
12099,0.5099
12101,0.4419
12103,0.4791
12105,0.4328
12107,0.4686
12109,0.4825
12111,0.4615
12113,0.4229
12115,0.4811
12117,0.453
12119,0.4185
12121,0.448
12123,0.4075
12125,0.3982
12127,0.4592
12129,0.3965
12131,0.4796
12133,0.4363
13001,0.4479
13003,0.4834
13005,0.4405
13007,0.4761
13009,0.5123
13011,0.4094
13013,0.3726
13015,0.4173
13017,0.4829
13019,0.4526
13021,0.515
13023,0.5324
13025,0.4061
13027,0.4828
13029,0.4065
13031,0.4998
13033,0.4637
13035,0.4143
13037,0.6064
13039,0.4048
13043,0.5024
13045,0.4543
13047,0.3924
13049,0.4529
13051,0.471
13053,0.3433
13055,0.4422
13057,0.4112
13059,0.5398
13061,0.4742
13063,0.4229
13065,0.5403
13067,0.4566
13069,0.4737
13071,0.4772
13073,0.4189
13075,0.4688
13077,0.4175
13079,0.4181
13081,0.5032
13083,0.4207
13085,0.4677
13087,0.5228
13089,0.4903
13091,0.4458
13093,0.4639
13095,0.5197
13097,0.4079
13099,0.4844
13101,0.4583
13103,0.3834
13105,0.4641
13107,0.4855
13109,0.4651
13111,0.4404
13113,0.4196
13115,0.4612
13117,0.4168
13119,0.4278
13121,0.54
13123,0.4577
13125,0.3916
13127,0.4881
13129,0.4362
13131,0.4735
13133,0.5503
13135,0.4248
13137,0.4226
13139,0.4461
13141,0.4712
13143,0.4388
13145,0.43
13147,0.4686
13149,0.4092
13151,0.3976
13153,0.4163
13155,0.4848
13157,0.4194
13159,0.451
13161,0.4245
13163,0.4608
13165,0.4985
13167,0.4594
13169,0.4378
13171,0.4305
13173,0.4482
13175,0.5039
13177,0.4193
13179,0.4224
13181,0.4532
13183,0.367
13185,0.4734
13187,0.4362
13189,0.4652
13191,0.457
13193,0.4655
13195,0.4088
13197,0.455
13199,0.4537
13201,0.4872
13205,0.4712
13207,0.4318
13209,0.4552
13211,0.4438
13213,0.4066
13215,0.49
13217,0.4207
13219,0.4354
13221,0.4011
13223,0.3937
13225,0.4532
13227,0.4431
13229,0.4682
13231,0.4204
13233,0.4311
13235,0.4273
13237,0.4594
13239,0.4071
13241,0.5062
13243,0.6519
13245,0.479
13247,0.4171
13249,0.479
13251,0.4796
13253,0.4595
13255,0.4629
13257,0.4449
13259,0.4647
13261,0.4814
13263,0.4858
13265,0.4115
13267,0.4575
13269,0.4671
13271,0.4484
13273,0.4664
13275,0.4927
13277,0.5123
13279,0.497
13281,0.4524
13283,0.4742
13285,0.4781
13287,0.4926
13289,0.5104
13291,0.427
13293,0.4307
13295,0.4468
13297,0.4144
13299,0.4661
13301,0.476
13303,0.4738
13305,0.4457
13307,0.4276
13309,0.434
13311,0.4301
13313,0.4628
13315,0.4484
13317,0.4525
13319,0.4229
13321,0.4351
15001,0.4647
15003,0.4198
15005,0.4378
15007,0.4259
15009,0.4423
16001,0.4458
16003,0.443
16005,0.4394
16007,0.3987
16009,0.4062
16011,0.4028
16013,0.455
16015,0.4572
16017,0.4657
16019,0.4291
16021,0.4456
16023,0.4622
16025,0.4507
16027,0.4069
16029,0.4045
16031,0.4107
16033,0.3346
16035,0.3978
16037,0.4224
16039,0.4057
16041,0.3622
16043,0.3716
16045,0.4279
16047,0.437
16049,0.3791
16051,0.3759
16053,0.3856
16055,0.432
16057,0.4669
16059,0.4664
16061,0.4288
16063,0.365
16065,0.5116
16067,0.4186
16069,0.4079
16071,0.4209
16073,0.4489
16075,0.4243
16077,0.3358
16079,0.4157
16081,0.378
16083,0.4244
16085,0.4031
16087,0.4317
17001,0.4265
17003,0.4756
17005,0.4549
17007,0.4211
17009,0.4322
17011,0.4291
17013,0.4215
17015,0.4219
17017,0.403
17019,0.4948
17021,0.4332
17023,0.4185
17025,0.4038
17027,0.4041
17029,0.4887
17031,0.4982
17033,0.4436
17035,0.4056
17037,0.4294
17039,0.4327
17041,0.4029
17043,0.4501
17045,0.4625
17047,0.4101
17049,0.439
17051,0.4118
17053,0.4286
17055,0.4308
17057,0.4055
17059,0.454
17061,0.4119
17063,0.4114
17065,0.4408
17067,0.4031
17069,0.4788
17071,0.4139
17073,0.4172
17075,0.436
17077,0.5352
17079,0.3655
17081,0.4564
17083,0.4011
17085,0.4319
17087,0.4478
17089,0.4346
17091,0.4198
17093,0.3525
17095,0.4327
17097,0.4772
17099,0.4213
17101,0.4087
17103,0.4098
17105,0.4203
17107,0.4326
17109,0.4858
17111,0.3992
17113,0.4562
17115,0.4637
17117,0.4048
17119,0.4401
17121,0.4336
17123,0.3838
17125,0.426
17127,0.4407
17129,0.4126
17131,0.4024
17133,0.3958
17135,0.4228
17137,0.4277
17139,0.4073
17141,0.4059
17143,0.4614
17145,0.4305
17147,0.4041
17149,0.4187
17151,0.4125
17153,0.4575
17155,0.3989
17157,0.3987
17159,0.4285
17161,0.4366
17163,0.464
17165,0.4537
17167,0.4487
17169,0.3946
17171,0.435
17173,0.3872
17175,0.4152
17177,0.4241
17179,0.4107
17181,0.4511
17183,0.4272
17185,0.4265
17187,0.4274
17189,0.426
17191,0.4277
17193,0.4666
17195,0.4081
17197,0.4005
17199,0.4411
17201,0.4511
17203,0.3954
18001,0.4196
18003,0.4457
18005,0.4292
18007,0.3832
18009,0.4197
18011,0.4896
18013,0.4399
18015,0.3943
18017,0.4298
18019,0.4136
18021,0.4035
18023,0.3865
18025,0.3888
18027,0.4143
18029,0.4151
18031,0.3836
18033,0.4077
18035,0.4674
18037,0.4042
18039,0.4146
18041,0.4374
18043,0.4401
18045,0.3935
18047,0.3964
18049,0.4252
18051,0.4087
18053,0.4293
18055,0.4269
18057,0.4282
18059,0.3861
18061,0.3941
18063,0.3758
18065,0.4326
18067,0.4434
18069,0.39
18071,0.3931
18073,0.3716
18075,0.3971
18077,0.4049
18079,0.4038
18081,0.4137
18083,0.4281
18085,0.4214
18087,0.4157
18089,0.4461
18091,0.4325
18093,0.4191
18095,0.4285
18097,0.473
18099,0.416
18101,0.4061
18103,0.4158
18105,0.5106
18107,0.3998
18109,0.396
18111,0.4151
18113,0.4012
18115,0.3841
18117,0.401
18119,0.3954
18121,0.4547
18123,0.4017
18125,0.3922
18127,0.4145
18129,0.4295
18131,0.4202
18133,0.3874
18135,0.4536
18137,0.3842
18139,0.4176
18141,0.4591
18143,0.4263
18145,0.38
18147,0.3881
18149,0.4163
18151,0.4057
18153,0.4187
18155,0.3779
18157,0.4735
18159,0.387
18161,0.3758
18163,0.4528
18165,0.4326
18167,0.4639
18169,0.4066
18171,0.4106
18173,0.4137
18175,0.4021
18177,0.4548
18179,0.3968
18181,0.3928
18183,0.3867
19001,0.3919
19003,0.4079
19005,0.4119
19007,0.4358
19009,0.4745
19011,0.3884
19013,0.4297
19015,0.4099
19017,0.4223
19019,0.4258
19021,0.4282
19023,0.4015
19025,0.4511
19027,0.4263
19029,0.4257
19031,0.3647
19033,0.4442
19035,0.4275
19037,0.4117
19039,0.4584
19041,0.4684
19043,0.4135
19045,0.4354
19047,0.4329
19049,0.4289
19051,0.4558
19053,0.4379
19055,0.3824
19057,0.4367
19059,0.4394
19061,0.4156
19063,0.4824
19065,0.4061
19067,0.4438
19069,0.435
19071,0.4415
19073,0.4549
19075,0.4243
19077,0.4411
19079,0.4387
19081,0.3911
19083,0.4017
19085,0.3926
19087,0.4245
19089,0.4208
19091,0.4176
19093,0.4393
19095,0.3759
19097,0.4241
19099,0.4067
19101,0.5057
19103,0.4837
19105,0.4122
19107,0.4011
19109,0.4323
19111,0.4162
19113,0.4251
19115,0.406
19117,0.4173
19119,0.407
19121,0.4186
19123,0.4392
19125,0.4013
19127,0.3965
19129,0.3669
19131,0.394
19133,0.4301
19135,0.3929
19137,0.4326
19139,0.4067
19141,0.4774
19143,0.38
19145,0.4197
19147,0.4275
19149,0.3959
19151,0.4395
19153,0.4392
19155,0.4328
19157,0.431
19159,0.4542
19161,0.4162
19163,0.4505
19165,0.4338
19167,0.4035
19169,0.4594
19171,0.4119
19173,0.416
19175,0.4166
19177,0.4011
19179,0.4297
19181,0.3781
19183,0.3863
19185,0.4277
19187,0.4518
19189,0.4093
19191,0.3898
19193,0.4358
19195,0.399
19197,0.4556
20001,0.4126
20003,0.4188
20005,0.4513
20007,0.4369
20009,0.4729
20011,0.4414
20013,0.4367
20015,0.4134
20017,0.4255
20019,0.4511
20021,0.3919
20023,0.3896
20025,0.42
20027,0.4236
20029,0.3847
20031,0.4142
20033,0.3661
20035,0.4365
20037,0.4613
20039,0.5123
20041,0.4085
20043,0.3928
20045,0.4653
20047,0.4084
20049,0.3782
20051,0.458
20053,0.4236
20055,0.4164
20057,0.4187
20059,0.407
20061,0.403
20063,0.4389
20065,0.4645
20067,0.4565
20069,0.3773
20071,0.3977
20073,0.4606
20075,0.4757
20077,0.4623
20079,0.4023
20081,0.3984
20083,0.4339
20085,0.3844
20087,0.3645
20089,0.4085
20091,0.4461
20093,0.3864
20095,0.3939
20097,0.4387
20099,0.4069
20101,0.4444
20103,0.3991
20105,0.4314
20107,0.4602
20109,0.4445
20111,0.4361
20113,0.4031
20115,0.4074
20117,0.4475
20119,0.3505
20121,0.4088
20123,0.4478
20125,0.4329
20127,0.3837
20129,0.427
20131,0.4313
20133,0.43
20135,0.4449
20137,0.3935
20139,0.3993
20141,0.4945
20143,0.3997
20145,0.4107
20147,0.4124
20149,0.388
20151,0.4534
20153,0.4269
20155,0.4241
20157,0.4227
20159,0.4356
20161,0.4892
20163,0.4201
20165,0.4099
20167,0.4793
20169,0.446
20171,0.3579
20173,0.4468
20175,0.3957
20177,0.4468
20179,0.3994
20181,0.4024
20183,0.4842
20185,0.4071
20187,0.4029
20189,0.4438
20191,0.407
20193,0.489
20195,0.3833
20197,0.3515
20199,0.4914
20201,0.402
20203,0.3675
20205,0.4033
20207,0.448
20209,0.4299
21001,0.4393
21003,0.4285
21005,0.372
21007,0.4473
21009,0.4423
21011,0.4921
21013,0.4729
21015,0.4001
21017,0.4571
21019,0.4949
21021,0.4685
21023,0.431
21025,0.4604
21027,0.4026
21029,0.3684
21031,0.4519
21033,0.4472
21035,0.4736
21037,0.4337
21039,0.4141
21041,0.4447
21043,0.4263
21045,0.4482
21047,0.4512
21049,0.4392
21051,0.4915
21053,0.4806
21055,0.4628
21057,0.4628
21059,0.4276
21061,0.4307
21063,0.4708
21065,0.4463
21067,0.4929
21069,0.5028
21071,0.4789
21073,0.4323
21075,0.465
21077,0.3904
21079,0.4207
21081,0.4023
21083,0.4567
21085,0.4806
21087,0.4705
21089,0.4439
21091,0.397
21093,0.4256
21095,0.4792
21097,0.4804
21099,0.4653
21101,0.4563
21103,0.4188
21105,0.3723
21107,0.4417
21109,0.4663
21111,0.4847
21113,0.4869
21115,0.4549
21117,0.4433
21119,0.471
21121,0.4707
21123,0.4314
21125,0.4682
21127,0.471
21129,0.4913
21131,0.484
21133,0.4668
21135,0.4767
21137,0.4471
21139,0.4263
21141,0.4354
21143,0.4239
21145,0.4857
21147,0.4666
21149,0.4112
21151,0.4557
21153,0.4638
21155,0.4471
21157,0.4153
21159,0.4915
21161,0.5156
21163,0.4321
21165,0.4365
21167,0.4374
21169,0.4533
21171,0.458
21173,0.4852
21175,0.468
21177,0.4265
21179,0.4454
21181,0.4283
21183,0.4539
21185,0.4226
21187,0.4447
21189,0.5201
21191,0.4446
21193,0.4841
21195,0.4821
21197,0.4951
21199,0.5056
21201,0.4562
21203,0.4641
21205,0.4463
21207,0.4684
21209,0.4094
21211,0.4189
21213,0.4048
21215,0.3469
21217,0.4289
21219,0.4226
21221,0.4355
21223,0.3879
21225,0.4435
21227,0.468
21229,0.414
21231,0.4571
21233,0.4366
21235,0.454
21237,0.5086
21239,0.4518
22001,0.4636
22003,0.4599
22005,0.4035
22007,0.4502
22009,0.4635
22011,0.4515
22013,0.498
22015,0.4359
22017,0.5011
22019,0.4717
22021,0.5141
22023,0.4073
22025,0.5277
22027,0.4663
22029,0.4886
22031,0.4674
22033,0.4873
22035,0.4998
22037,0.4504
22039,0.4985
22041,0.4833
22043,0.4447
22045,0.4816
22047,0.4881
22049,0.4533
22051,0.4742
22053,0.4834
22055,0.4868
22057,0.4559
22059,0.4628
22061,0.5434
22063,0.4229
22065,0.5058
22067,0.519
22069,0.5323
22071,0.5618
22073,0.4963
22075,0.4412
22077,0.4616
22079,0.4756
22081,0.5081
22083,0.458
22085,0.503
22087,0.4302
22089,0.4195
22091,0.4897
22093,0.4416
22095,0.4227
22097,0.4973
22099,0.4611
22101,0.4626
22103,0.4543
22105,0.4626
22107,0.4909
22109,0.4452
22111,0.475
22113,0.462
22115,0.3996
22117,0.4882
22119,0.4766
22121,0.438
22123,0.478
22125,0.4655
22127,0.4912
23001,0.4382
23003,0.4411
23005,0.4657
23007,0.4317
23009,0.4624
23011,0.4312
23013,0.4194
23015,0.428
23017,0.4227
23019,0.4421
23021,0.4445
23023,0.423
23025,0.4308
23027,0.427
23029,0.4322
23031,0.4251
24001,0.4603
24003,0.4133
24005,0.4404
24009,0.3745
24011,0.4202
24013,0.3944
24015,0.4022
24017,0.3821
24019,0.4649
24021,0.3955
24023,0.4417
24025,0.3999
24027,0.3967
24029,0.4293
24031,0.4558
24033,0.3952
24035,0.4022
24037,0.3925
24039,0.4491
24041,0.4935
24043,0.4317
24045,0.4547
24047,0.4718
24510,0.5056
25001,0.4602
25003,0.4723
25005,0.4541
25007,0.4654
25009,0.4761
25011,0.4257
25013,0.4668
25015,0.4529
25017,0.4728
25019,0.4697
25021,0.4757
25023,0.4409
25025,0.5299
25027,0.4461
26001,0.4251
26003,0.4151
26005,0.4188
26007,0.4292
26009,0.4387
26011,0.4269
26013,0.4278
26015,0.3941
26017,0.4349
26019,0.4065
26021,0.4573
26023,0.4325
26025,0.4452
26027,0.4211
26029,0.4635
26031,0.4437
26033,0.4443
26035,0.4334
26037,0.4158
26039,0.3998
26041,0.4212
26043,0.4404
26045,0.3983
26047,0.4865
26049,0.4533
26051,0.4321
26053,0.4427
26055,0.4506
26057,0.4219
26059,0.4205
26061,0.4541
26063,0.4207
26065,0.476
26067,0.3957
26069,0.4514
26071,0.42
26073,0.4845
26075,0.4373
26077,0.4718
26079,0.4245
26081,0.4476
26083,0.4284
26085,0.4495
26087,0.3907
26089,0.4585
26091,0.4035
26093,0.3854
26095,0.4123
26097,0.4206
26099,0.4187
26101,0.4413
26103,0.4502
26105,0.4354
26107,0.4401
26109,0.4057
26111,0.4594
26113,0.3988
26115,0.4119
26117,0.41
26119,0.3981
26121,0.4419
26123,0.4321
26125,0.4672
26127,0.409
26129,0.4406
26131,0.3946
26133,0.4117
26135,0.3987
26137,0.4179
26139,0.4093
26141,0.3977
26143,0.478
26145,0.4439
26147,0.4261
26149,0.4136
26151,0.4269
26153,0.4513
26155,0.4121
26157,0.3896
26159,0.4211
26161,0.473
26163,0.4867
26165,0.4308
27001,0.4339
27003,0.3874
27005,0.421
27007,0.4422
27009,0.3981
27011,0.4395
27013,0.4472
27015,0.4298
27017,0.3975
27019,0.414
27021,0.4303
27023,0.4045
27025,0.371
27027,0.415
27029,0.4282
27031,0.4572
27033,0.4338
27035,0.4392
27037,0.4094
27039,0.3826
27041,0.4286
27043,0.4267
27045,0.4103
27047,0.4307
27049,0.4328
27051,0.4078
27053,0.4845
27055,0.405
27057,0.4091
27059,0.3749
27061,0.4106
27063,0.4306
27065,0.3947
27067,0.4328
27069,0.4175
27071,0.447
27073,0.4413
27075,0.4328
27077,0.3463
27079,0.3896
27081,0.4166
27083,0.4544
27085,0.3911
27087,0.4505
27089,0.3973
27091,0.4214
27093,0.4085
27095,0.4024
27097,0.4123
27099,0.4419
27101,0.4194
27103,0.3909
27105,0.4277
27107,0.4142
27109,0.4411
27111,0.4293
27113,0.4215
27115,0.4101
27117,0.4303
27119,0.4262
27121,0.4347
27123,0.4609
27125,0.4018
27127,0.4252
27129,0.4393
27131,0.4227
27133,0.4355
27135,0.3991
27137,0.4462
27139,0.383
27141,0.3734
27143,0.393
27145,0.4199
27147,0.4174
27149,0.499
27151,0.4125
27153,0.4245
27155,0.4577
27157,0.4013
27159,0.4439
27161,0.4006
27163,0.4078
27165,0.423
27167,0.405
27169,0.434
27171,0.3724
27173,0.402
28001,0.5222
28003,0.4539
28005,0.4598
28007,0.4784
28009,0.5216
28011,0.4959
28013,0.4551
28015,0.477
28017,0.4697
28019,0.4473
28021,0.4895
28023,0.4623
28025,0.4983
28027,0.523
28029,0.4924
28031,0.4512
28033,0.3824
28035,0.5098
28037,0.4523
28039,0.4486
28041,0.4323
28043,0.5411
28045,0.4368
28047,0.4473
28049,0.4946
28051,0.5177
28053,0.4984
28055,0.4681
28057,0.4487
28059,0.4484
28061,0.4787
28063,0.4856
28065,0.4655
28067,0.4707
28069,0.4588
28071,0.5224
28073,0.4639
28075,0.4889
28077,0.4638
28079,0.4786
28081,0.4627
28083,0.5366
28085,0.4529
28087,0.4696
28089,0.4948
28091,0.5211
28093,0.4338
28095,0.4307
28097,0.4332
28099,0.4626
28101,0.4777
28103,0.4643
28105,0.5399
28107,0.4782
28109,0.447
28111,0.4333
28113,0.4871
28115,0.4306
28117,0.4454
28119,0.4803
28121,0.4201
28123,0.4437
28125,0.4077
28127,0.4651
28129,0.492
28131,0.4137
28133,0.5071
28135,0.4305
28137,0.4693
28139,0.4626
28141,0.4271
28143,0.4429
28145,0.4572
28147,0.4717
28149,0.4708
28151,0.5054
28153,0.5081
28155,0.4884
28157,0.449
28159,0.4847
28161,0.4574
28163,0.4994
29001,0.4805
29003,0.4193
29005,0.4203
29007,0.4009
29009,0.4142
29011,0.4375
29013,0.43
29015,0.4272
29017,0.4545
29019,0.4881
29021,0.4541
29023,0.4381
29025,0.4199
29027,0.4215
29029,0.4276
29031,0.4517
29033,0.4505
29035,0.4878
29037,0.4027
29039,0.4611
29041,0.431
29043,0.4077
29045,0.4377
29047,0.3996
29049,0.3844
29051,0.4246
29053,0.4422
29055,0.4465
29057,0.4482
29059,0.4089
29061,0.4119
29063,0.4238
29065,0.4531
29067,0.4275
29069,0.4634
29071,0.426
29073,0.407
29075,0.4015
29077,0.46
29079,0.4256
29081,0.4022
29083,0.4357
29085,0.4187
29087,0.4057
29089,0.4725
29091,0.4692
29093,0.4309
29095,0.4642
29097,0.4497
29099,0.3852
29101,0.4112
29103,0.508
29105,0.4181
29107,0.3801
29109,0.4253
29111,0.3917
29113,0.3842
29115,0.4205
29117,0.4402
29119,0.4379
29121,0.4291
29123,0.4032
29125,0.4028
29127,0.4564
29129,0.4051
29131,0.4384
29133,0.4469
29135,0.3842
29137,0.3707
29139,0.4172
29141,0.4316
29143,0.496
29145,0.4538
29147,0.4473
29149,0.4441
29151,0.3668
29153,0.3944
29155,0.4645
29157,0.3884
29159,0.4381
29161,0.4485
29163,0.4208
29165,0.4237
29167,0.4188
29169,0.3776
29171,0.4208
29173,0.3696
29175,0.4243
29177,0.4114
29179,0.4393
29181,0.4042
29183,0.3866
29185,0.4302
29186,0.4226
29187,0.4383
29189,0.4858
29195,0.4158
29197,0.4314
29199,0.4513
29201,0.4359
29203,0.4464
29205,0.415
29207,0.4811
29209,0.4071
29211,0.4176
29213,0.4352
29215,0.4527
29217,0.4181
29219,0.414
29221,0.4453
29223,0.4447
29225,0.4119
29227,0.4256
29229,0.4253
29510,0.5062
30001,0.4419
30003,0.449
30005,0.4473
30007,0.4239
30009,0.4317
30011,0.4897
30013,0.4337
30015,0.4438
30017,0.4376
30019,0.4445
30021,0.4162
30023,0.4403
30025,0.4858
30027,0.4146
30029,0.4506
30031,0.4517
30033,0.4362
30035,0.4976
30037,0.3707
30039,0.4007
30041,0.4254
30043,0.4078
30045,0.4349
30047,0.4684
30049,0.399
30051,0.488
30053,0.4466
30055,0.4305
30057,0.5189
30059,0.3717
30061,0.4558
30063,0.4522
30065,0.4215
30067,0.4277
30069,0.4071
30071,0.4263
30073,0.462
30075,0.464
30077,0.4185
30079,0.411
30081,0.4426
30083,0.4607
30085,0.4742
30087,0.4222
30089,0.4118
30091,0.4679
30093,0.4657
30095,0.4086
30097,0.4373
30099,0.4282
30101,0.4316
30103,0.373
30105,0.4256
30107,0.4043
30109,0.4643
30111,0.4537
31001,0.4409
31003,0.456
31005,0.4032
31007,0.5498
31009,0.4164
31011,0.4442
31013,0.4187
31015,0.4201
31017,0.4489
31019,0.4126
31021,0.4116
31023,0.4498
31025,0.3925
31027,0.4576
31029,0.5118
31031,0.4067
31033,0.4079
31035,0.4052
31037,0.4256
31039,0.4191
31041,0.4375
31043,0.4213
31045,0.4495
31047,0.3781
31049,0.4413
31051,0.3958
31053,0.4198
31055,0.4637
31057,0.4706
31059,0.3958
31061,0.4363
31063,0.431
31065,0.4109
31067,0.416
31069,0.4551
31071,0.3927
31073,0.36
31075,0.3369
31077,0.4426
31079,0.4249
31081,0.4083
31083,0.3883
31085,0.3936
31087,0.4166
31089,0.4302
31091,0.418
31093,0.4519
31095,0.4351
31097,0.4392
31099,0.392
31101,0.424
31103,0.4272
31105,0.4281
31107,0.4523
31109,0.4444
31111,0.4328
31113,0.4329
31115,0.3859
31117,0.3932
31119,0.4366
31121,0.4341
31123,0.4167
31125,0.4325
31127,0.4425
31129,0.3888
31131,0.3852
31133,0.4657
31135,0.396
31137,0.3985
31139,0.3872
31141,0.3921
31143,0.4233
31145,0.4072
31147,0.4255
31149,0.4209
31151,0.4068
31153,0.3767
31155,0.4163
31157,0.4418
31159,0.4091
31161,0.4187
31163,0.3871
31165,0.4796
31167,0.4496
31169,0.4781
31171,0.4235
31173,0.4829
31175,0.4224
31177,0.3851
31179,0.4338
31181,0.4202
31183,0.4723
31185,0.4387
32001,0.4086
32003,0.4481
32005,0.4579
32007,0.3916
32009,0.4372
32011,0.3903
32013,0.397
32015,0.3606
32017,0.5282
32019,0.3821
32021,0.4274
32023,0.4335
32027,0.413
32029,0.415
32031,0.4685
32033,0.4212
32510,0.4375
33001,0.4257
33003,0.4646
33005,0.4429
33007,0.4306
33009,0.4533
33011,0.4257
33013,0.4159
33015,0.4207
33017,0.4355
33019,0.4111
34001,0.4505
34003,0.4811
34005,0.4215
34007,0.4603
34009,0.4527
34011,0.4434
34013,0.5368
34015,0.4078
34017,0.4906
34019,0.4397
34021,0.4873
34023,0.421
34025,0.4681
34027,0.451
34029,0.4333
34031,0.4733
34033,0.4191
34035,0.4513
34037,0.3976
34039,0.4898
34041,0.4107
35001,0.4683
35003,0.4241
35005,0.4443
35006,0.4415
35007,0.4485
35009,0.465
35011,0.4586
35013,0.4813
35015,0.4724
35017,0.4688
35019,0.4443
35021,0.4572
35023,0.4475
35025,0.4344
35027,0.4587
35028,0.3718
35029,0.4547
35031,0.5057
35033,0.4557
35035,0.4322
35037,0.4277
35039,0.4564
35041,0.4417
35043,0.4343
35045,0.4583
35047,0.5115
35049,0.4859
35051,0.4249
35053,0.5073
35055,0.483
35057,0.4642
35059,0.4683
35061,0.4436
36001,0.45
36003,0.4184
36005,0.4946
36007,0.4484
36009,0.4196
36011,0.4122
36013,0.4323
36015,0.4566
36017,0.4106
36019,0.4385
36021,0.4527
36023,0.4219
36025,0.4284
36027,0.4317
36029,0.457
36031,0.4231
36033,0.4357
36035,0.4236
36037,0.4107
36039,0.4375
36041,0.403
36043,0.4185
36045,0.4159
36047,0.5111
36049,0.4136
36051,0.3991
36053,0.4236
36055,0.4631
36057,0.4472
36059,0.4523
36061,0.5975
36063,0.4391
36065,0.4462
36067,0.4573
36069,0.4276
36071,0.4323
36073,0.4063
36075,0.428
36077,0.437
36079,0.4194
36081,0.4457
36083,0.4235
36085,0.441
36087,0.4496
36089,0.4561
36091,0.4126
36093,0.4327
36095,0.4222
36097,0.3852
36099,0.4171
36101,0.4374
36103,0.4267
36105,0.4542
36107,0.4326
36109,0.4925
36111,0.4556
36113,0.4335
36115,0.3972
36117,0.4018
36119,0.5342
36121,0.387
36123,0.4398
37001,0.4545
37003,0.4187
37005,0.434
37007,0.4518
37009,0.4497
37011,0.4863
37013,0.4482
37015,0.4634
37017,0.4913
37019,0.4488
37021,0.4603
37023,0.4444
37025,0.4203
37027,0.4567
37029,0.3626
37031,0.4501
37033,0.4267
37035,0.4464
37037,0.4765
37039,0.4262
37041,0.4729
37043,0.4801
37045,0.4584
37047,0.4737
37049,0.4406
37051,0.4368
37053,0.3808
37055,0.4143
37057,0.4287
37059,0.4601
37061,0.4496
37063,0.477
37065,0.4438
37067,0.4837
37069,0.4232
37071,0.4585
37073,0.3823
37075,0.4583
37077,0.4114
37079,0.4269
37081,0.4782
37083,0.4783
37085,0.4235
37087,0.4379
37089,0.4352
37091,0.4835
37093,0.4208
37095,0.3703
37097,0.4696
37099,0.4739
37101,0.4104
37103,0.4369
37105,0.4176
37107,0.447
37109,0.4466
37111,0.4352
37113,0.4755
37115,0.4395
37117,0.4238
37119,0.4945
37121,0.4704
37123,0.4842
37125,0.4816
37127,0.4507
37129,0.483
37131,0.456
37133,0.3991
37135,0.525
37137,0.4423
37139,0.4656
37141,0.4619
37143,0.4413
37145,0.4227
37147,0.4911
37149,0.4394
37151,0.417
37153,0.4505
37155,0.4845
37157,0.431
37159,0.443
37161,0.4391
37163,0.4703
37165,0.4648
37167,0.418
37169,0.4307
37171,0.452
37173,0.4494
37175,0.4293
37177,0.438
37179,0.4354
37181,0.4663
37183,0.4428
37185,0.4588
37187,0.472
37189,0.531
37191,0.4455
37193,0.4676
37195,0.4584
37197,0.4662
37199,0.4446
38001,0.436
38003,0.4631
38005,0.5074
38007,0.4893
38009,0.4786
38011,0.4647
38013,0.4635
38015,0.4275
38017,0.4603
38019,0.4482
38021,0.4318
38023,0.5203
38025,0.5058
38027,0.4664
38029,0.5095
38031,0.4205
38033,0.4935
38035,0.4851
38037,0.5081
38039,0.4185
38041,0.4328
38043,0.4563
38045,0.4758
38047,0.4786
38049,0.4491
38051,0.4781
38053,0.4809
38055,0.4466
38057,0.3981
38059,0.4118
38061,0.4572
38063,0.4388
38065,0.4234
38067,0.4043
38069,0.4215
38071,0.4603
38073,0.4336
38075,0.3865
38077,0.4137
38079,0.5006
38081,0.4201
38083,0.474
38085,0.5345
38087,0.4391
38089,0.4143
38091,0.4471
38093,0.4416
38095,0.4352
38097,0.4528
38099,0.4504
38101,0.4254
38103,0.467
38105,0.4396
39001,0.4458
39003,0.449
39005,0.4186
39007,0.4256
39009,0.4973
39011,0.382
39013,0.4329
39015,0.4298
39017,0.4358
39019,0.4054
39021,0.3913
39023,0.4414
39025,0.427
39027,0.4454
39029,0.4322
39031,0.4134
39033,0.4162
39035,0.5008
39037,0.4173
39039,0.3971
39041,0.4251
39043,0.434
39045,0.4202
39047,0.4186
39049,0.4692
39051,0.4291
39053,0.4669
39055,0.4499
39057,0.4462
39059,0.4362
39061,0.5067
39063,0.4312
39065,0.4194
39067,0.4282
39069,0.3907
39071,0.4113
39073,0.4184
39075,0.3965
39077,0.3964
39079,0.4443
39081,0.4483
39083,0.4357
39085,0.4175
39087,0.4352
39089,0.4275
39091,0.4165
39093,0.4335
39095,0.4847
39097,0.4168
39099,0.4553
39101,0.4283
39103,0.4037
39105,0.4236
39107,0.3913
39109,0.4037
39111,0.4199
39113,0.4619
39115,0.4535
39117,0.3872
39119,0.4269
39121,0.4235
39123,0.4067
39125,0.4255
39127,0.412
39129,0.4084
39131,0.4463
39133,0.4289
39135,0.4109
39137,0.3653
39139,0.4306
39141,0.439
39143,0.4088
39145,0.4671
39147,0.419
39149,0.4262
39151,0.4412
39153,0.4663
39155,0.4253
39157,0.4156
39159,0.4193
39161,0.4164
39163,0.4039
39165,0.4121
39167,0.4495
39169,0.4126
39171,0.3969
39173,0.4445
39175,0.3908
40001,0.4509
40003,0.4747
40005,0.4658
40007,0.4222
40009,0.4878
40011,0.4462
40013,0.4587
40015,0.4331
40017,0.3847
40019,0.446
40021,0.4522
40023,0.4806
40025,0.441
40027,0.4345
40029,0.4681
40031,0.4403
40033,0.4043
40035,0.42
40037,0.439
40039,0.457
40041,0.4687
40043,0.4564
40045,0.4791
40047,0.4325
40049,0.4815
40051,0.4251
40053,0.4254
40055,0.4477
40057,0.5
40059,0.4185
40061,0.4122
40063,0.4776
40065,0.4415
40067,0.4496
40069,0.434
40071,0.4425
40073,0.3889
40075,0.5006
40077,0.4669
40079,0.4567
40081,0.4397
40083,0.4568
40085,0.3988
40087,0.4163
40089,0.4522
40091,0.4307
40093,0.4554
40095,0.4553
40097,0.4226
40099,0.4006
40101,0.4523
40103,0.4257
40105,0.4173
40107,0.4424
40109,0.4887
40111,0.4387
40113,0.4355
40115,0.4321
40117,0.4202
40119,0.5002
40121,0.4559
40123,0.4239
40125,0.4465
40127,0.4797
40129,0.4564
40131,0.4156
40133,0.4603
40135,0.4324
40137,0.4508
40139,0.4248
40141,0.4276
40143,0.4803
40145,0.4024
40147,0.455
40149,0.435
40151,0.4547
40153,0.4503
41001,0.4574
41003,0.4848
41005,0.4411
41007,0.4329
41009,0.4219
41011,0.4662
41013,0.4205
41015,0.4181
41017,0.4651
41019,0.4231
41021,0.4156
41023,0.4391
41025,0.4232
41027,0.4091
41029,0.4511
41031,0.4234
41033,0.4755
41035,0.436
41037,0.4617
41039,0.4667
41041,0.4327
41043,0.407
41045,0.4603
41047,0.428
41049,0.4007
41051,0.4835
41053,0.4198
41055,0.4908
41057,0.4176
41059,0.4174
41061,0.4664
41063,0.4226
41065,0.4239
41067,0.4281
41069,0.456
41071,0.4211
42001,0.4032
42003,0.485
42005,0.4134
42007,0.4282
42009,0.4164
42011,0.4322
42013,0.4361
42015,0.4215
42017,0.4367
42019,0.44
42021,0.4388
42023,0.4325
42025,0.4092
42027,0.468
42029,0.4492
42031,0.4391
42033,0.4196
42035,0.4192
42037,0.4542
42039,0.4243
42041,0.4265
42043,0.4434
42045,0.4724
42047,0.3918
42049,0.4547
42051,0.4382
42053,0.4027
42055,0.3908
42057,0.3852
42059,0.4231
42061,0.4057
42063,0.4593
42065,0.4115
42067,0.3952
42069,0.4538
42071,0.4175
42073,0.4355
42075,0.4081
42077,0.445
42079,0.4518
42081,0.4224
42083,0.4177
42085,0.4303
42087,0.402
42089,0.4051
42091,0.4604
42093,0.4731
42095,0.4322
42097,0.4206
42099,0.366
42101,0.5104
42103,0.4053
42105,0.4393
42107,0.4152
42109,0.432
42111,0.4198
42113,0.4191
42115,0.4172
42117,0.4279
42119,0.4496
42121,0.4101
42123,0.4359
42125,0.4468
42127,0.4178
42129,0.4397
42131,0.4149
42133,0.4124
44001,0.477
44003,0.4432
44005,0.4639
44007,0.4809
44009,0.4329
45001,0.428
45003,0.457
45005,0.4636
45007,0.4458
45009,0.5167
45011,0.4843
45013,0.4604
45015,0.4231
45017,0.4564
45019,0.4965
45021,0.482
45023,0.4767
45025,0.4606
45027,0.4835
45029,0.4541
45031,0.4745
45033,0.4705
45035,0.4081
45037,0.4369
45039,0.4976
45041,0.4697
45043,0.4852
45045,0.4752
45047,0.4756
45049,0.4878
45051,0.4453
45053,0.4263
45055,0.4369
45057,0.4489
45059,0.4478
45061,0.4537
45063,0.4271
45065,0.4869
45067,0.4802
45069,0.4741
45071,0.4416
45073,0.4742
45075,0.475
45077,0.4504
45079,0.4643
45081,0.4531
45083,0.4476
45085,0.4407
45087,0.4416
45089,0.5016
45091,0.4495
46003,0.4028
46005,0.4355
46007,0.492
46009,0.4495
46011,0.4506
46013,0.4188
46015,0.3938
46017,0.4203
46019,0.4269
46021,0.5564
46023,0.4645
46025,0.5004
46027,0.4996
46029,0.4282
46031,0.5597
46033,0.4223
46035,0.4038
46037,0.4845
46039,0.4152
46041,0.4714
46043,0.4498
46045,0.4088
46047,0.4242
46049,0.4663
46051,0.4119
46053,0.4675
46055,0.4371
46057,0.3983
46059,0.4386
46061,0.4096
46063,0.4182
46065,0.4049
46067,0.4679
46069,0.379
46071,0.4199
46073,0.4694
46075,0.4091
46077,0.4088
46079,0.4549
46081,0.4702
46083,0.4035
46085,0.3913
46087,0.4222
46089,0.459
46091,0.4522
46093,0.4263
46095,0.4204
46097,0.5192
46099,0.4221
46101,0.4331
46103,0.4322
46105,0.4943
46107,0.4398
46109,0.445
46111,0.4088
46113,0.5059
46115,0.4748
46117,0.4435
46119,0.4543
46121,0.4499
46123,0.449
46125,0.4021
46127,0.4644
46129,0.474
46135,0.4543
46137,0.4797
47001,0.4579
47003,0.4443
47005,0.4347
47007,0.4443
47009,0.4434
47011,0.4649
47013,0.4412
47015,0.4502
47017,0.4536
47019,0.4575
47021,0.3945
47023,0.4584
47025,0.4581
47027,0.4406
47029,0.4793
47031,0.4577
47033,0.4257
47035,0.4336
47037,0.4905
47039,0.5101
47041,0.5062
47043,0.438
47045,0.4536
47047,0.4645
47049,0.4542
47051,0.4635
47053,0.4401
47055,0.4374
47057,0.4389
47059,0.4401
47061,0.4588
47063,0.4608
47065,0.4789
47067,0.4553
47069,0.4479
47071,0.5155
47073,0.4476
47075,0.4795
47077,0.4358
47079,0.4657
47081,0.4373
47083,0.4167
47085,0.4364
47087,0.4701
47089,0.4408
47091,0.4337
47093,0.4814
47095,0.4695
47097,0.4653
47099,0.4416
47101,0.4001
47103,0.4209
47105,0.4627
47107,0.4529
47109,0.4769
47111,0.4227
47113,0.4802
47115,0.4351
47117,0.4365
47119,0.4279
47121,0.421
47123,0.4563
47125,0.42
47127,0.466
47129,0.4317
47131,0.4694
47133,0.4549
47135,0.4227
47137,0.4334
47139,0.4544
47141,0.5135
47143,0.4495
47145,0.4502
47147,0.3921
47149,0.404
47151,0.5183
47153,0.4476
47155,0.4337
47157,0.4993
47159,0.4355
47161,0.4313
47163,0.4661
47165,0.446
47167,0.4197
47169,0.4622
47171,0.4821
47173,0.4364
47175,0.4707
47177,0.474
47179,0.4909
47181,0.4379
47183,0.4583
47185,0.446
47187,0.4441
47189,0.4178
48001,0.4546
48003,0.4712
48005,0.4731
48007,0.4775
48009,0.4403
48011,0.3554
48013,0.4455
48015,0.4384
48017,0.4406
48019,0.4266
48021,0.4147
48023,0.5835
48025,0.473
48027,0.4238
48029,0.4606
48031,0.4234
48033,0.5928
48035,0.4581
48037,0.4826
48039,0.4276
48041,0.5238
48043,0.494
48045,0.4427
48047,0.5242
48049,0.4443
48051,0.429
48053,0.4304
48055,0.4195
48057,0.4318
48059,0.4559
48061,0.4942
48063,0.4461
48065,0.3618
48067,0.4426
48069,0.5203
48071,0.4268
48073,0.4817
48075,0.4298
48077,0.433
48079,0.4623
48081,0.4928
48083,0.4672
48085,0.4298
48087,0.4283
48089,0.4679
48091,0.4543
48093,0.4372
48095,0.4428
48097,0.4403
48099,0.387
48101,0.4114
48103,0.437
48105,0.4221
48107,0.4695
48109,0.4663
48111,0.4321
48113,0.4971
48115,0.4985
48117,0.4162
48119,0.4197
48121,0.4264
48123,0.5061
48125,0.4314
48127,0.5074
48129,0.4103
48131,0.5413
48133,0.5534
48135,0.4522
48137,0.4376
48139,0.4071
48141,0.4676
48143,0.4956
48145,0.447
48147,0.4335
48149,0.496
48151,0.4381
48153,0.4741
48155,0.3652
48157,0.4284
48159,0.5215
48161,0.449
48163,0.4712
48165,0.4466
48167,0.4564
48169,0.4679
48171,0.4709
48173,0.4336
48175,0.496
48177,0.4798
48179,0.4363
48181,0.4415
48183,0.4662
48185,0.4648
48187,0.3978
48189,0.436
48191,0.5034
48193,0.4677
48195,0.4519
48197,0.4558
48199,0.432
48201,0.4956
48203,0.463
48205,0.4223
48207,0.4591
48209,0.461
48211,0.4546
48213,0.4595
48215,0.4901
48217,0.4456
48219,0.441
48221,0.4372
48223,0.4327
48225,0.4818
48227,0.4499
48229,0.5033
48231,0.4502
48233,0.4302
48235,0.4668
48237,0.481
48239,0.4093
48241,0.4437
48243,0.4036
48245,0.4942
48247,0.4737
48249,0.4769
48251,0.4005
48253,0.4462
48255,0.5513
48257,0.4016
48259,0.4498
48261,0.3705
48263,0.4283
48265,0.464
48267,0.5161
48269,0.4169
48271,0.4095
48273,0.4802
48275,0.4145
48277,0.4491
48279,0.4639
48281,0.412
48283,0.5475
48285,0.4377
48287,0.433
48289,0.4576
48291,0.433
48293,0.4297
48295,0.4586
48297,0.4213
48299,0.5348
48301,0.4153
48303,0.4844
48305,0.4491
48307,0.4291
48309,0.47
48311,0.6047
48313,0.4322
48315,0.4922
48317,0.4822
48319,0.4513
48321,0.4746
48323,0.4737
48325,0.4208
48327,0.4948
48329,0.4849
48331,0.4733
48333,0.4702
48335,0.4246
48337,0.4538
48339,0.4646
48341,0.3905
48343,0.443
48345,0.4339
48347,0.4833
48349,0.4481
48351,0.464
48353,0.4562
48355,0.4612
48357,0.4406
48359,0.4875
48361,0.4535
48363,0.4821
48365,0.4161
48367,0.4377
48369,0.4158
48371,0.4224
48373,0.4416
48375,0.4766
48377,0.4531
48379,0.4032
48381,0.429
48383,0.4161
48385,0.387
48387,0.4656
48389,0.4734
48391,0.4548
48393,0.4332
48395,0.4558
48397,0.3919
48399,0.4534
48401,0.4493
48403,0.4757
48405,0.4842
48407,0.4796
48409,0.4341
48411,0.4149
48413,0.5021
48415,0.4459
48417,0.4697
48419,0.4854
48421,0.4414
48423,0.4676
48425,0.4398
48427,0.4887
48429,0.4395
48431,0.4192
48433,0.4647
48435,0.4252
48437,0.4275
48439,0.4603
48441,0.4607
48443,0.4769
48445,0.5014
48447,0.4402
48449,0.438
48451,0.4649
48453,0.4915
48455,0.4551
48457,0.4179
48459,0.4324
48461,0.4501
48463,0.4482
48465,0.4485
48467,0.4538
48469,0.4514
48471,0.4869
48473,0.4556
48475,0.4753
48477,0.4275
48479,0.4782
48481,0.4492
48483,0.4151
48485,0.4546
48487,0.4133
48489,0.5001
48491,0.3953
48493,0.4133
48495,0.3928
48497,0.4296
48499,0.4406
48501,0.4273
48503,0.4825
48505,0.4858
48507,0.4972
49001,0.4033
49003,0.3833
49005,0.4272
49007,0.4043
49009,0.429
49011,0.3888
49013,0.394
49015,0.3464
49017,0.4249
49019,0.4106
49021,0.4304
49023,0.3608
49025,0.3779
49027,0.3765
49029,0.3763
49031,0.4224
49033,0.4975
49035,0.4352
49037,0.4616
49039,0.411
49041,0.4007
49043,0.4705
49045,0.3605
49047,0.4232
49049,0.4164
49051,0.4057
49053,0.4278
49055,0.4258
49057,0.4033
50001,0.4229
50003,0.4657
50005,0.4292
50007,0.4471
50009,0.421
50011,0.4164
50013,0.441
50015,0.4322
50017,0.4058
50019,0.4356
50021,0.4296
50023,0.4179
50025,0.4215
50027,0.4596
51001,0.4721
51003,0.4861
51005,0.4226
51007,0.4083
51009,0.411
51011,0.4129
51013,0.4368
51015,0.4232
51017,0.5055
51019,0.4223
51021,0.3824
51023,0.4315
51025,0.4536
51027,0.4555
51029,0.4211
51031,0.4216
51033,0.4029
51035,0.4216
51036,0.4407
51037,0.4426
51041,0.4075
51043,0.4379
51045,0.3937
51047,0.3974
51049,0.4399
51051,0.4306
51053,0.4011
51057,0.4135
51059,0.4202
51061,0.4274
51063,0.3866
51065,0.4127
51067,0.4378
51069,0.398
51071,0.4293
51073,0.3925
51075,0.503
51077,0.4477
51079,0.3794
51081,0.4734
51083,0.4504
51085,0.3914
51087,0.4461
51089,0.425
51091,0.4246
51093,0.4166
51095,0.433
51097,0.3835
51099,0.3727
51101,0.3653
51103,0.4421
51105,0.4315
51107,0.36
51109,0.4034
51111,0.4277
51113,0.4387
51115,0.4063
51117,0.4449
51119,0.4442
51121,0.4891
51125,0.4677
51127,0.3741
51131,0.526
51133,0.4325
51135,0.4476
51137,0.4111
51139,0.4239
51141,0.4136
51143,0.4083
51145,0.3954
51147,0.4644
51149,0.3652
51153,0.3717
51155,0.4217
51157,0.4754
51159,0.4551
51161,0.4161
51163,0.4402
51165,0.4518
51167,0.4579
51169,0.4657
51171,0.4123
51173,0.4693
51175,0.4202
51177,0.3862
51179,0.3688
51181,0.3695
51183,0.4183
51185,0.477
51187,0.4152
51191,0.4688
51193,0.4213
51195,0.4718
51197,0.4505
51199,0.3926
51510,0.4402
51520,0.4616
51530,0.4273
51540,0.51
51550,0.3951
51570,0.4052
51580,0.4193
51590,0.4926
51595,0.5128
51600,0.4132
51610,0.423
51620,0.4618
51630,0.4809
51640,0.4917
51650,0.4164
51660,0.4767
51670,0.424
51678,0.5068
51680,0.4882
51683,0.4004
51685,0.371
51690,0.5085
51700,0.4261
51710,0.469
51720,0.5261
51730,0.4352
51735,0.4042
51740,0.4224
51750,0.5118
51760,0.5373
51770,0.4593
51775,0.4446
51790,0.4713
51800,0.4183
51810,0.4117
51820,0.3975
51830,0.4999
51840,0.4762
53001,0.4039
53003,0.4493
53005,0.4329
53007,0.4485
53009,0.4211
53011,0.4177
53013,0.4572
53015,0.4367
53017,0.385
53019,0.4566
53021,0.408
53023,0.3625
53025,0.4139
53027,0.433
53029,0.4187
53031,0.4479
53033,0.4658
53035,0.4237
53037,0.4514
53039,0.3939
53041,0.4136
53043,0.4098
53045,0.4137
53047,0.4383
53049,0.4456
53051,0.4426
53053,0.4184
53055,0.497
53057,0.4284
53059,0.4681
53061,0.4037
53063,0.4453
53065,0.4104
53067,0.4034
53069,0.4124
53071,0.4495
53073,0.4399
53075,0.5241
53077,0.4373
54001,0.4277
54003,0.4202
54005,0.4557
54007,0.4444
54009,0.4102
54011,0.5004
54013,0.444
54015,0.4232
54017,0.3917
54019,0.4323
54021,0.4724
54023,0.3887
54025,0.4652
54027,0.4511
54029,0.4492
54031,0.4429
54033,0.449
54035,0.4582
54037,0.4141
54039,0.4689
54041,0.4398
54043,0.4357
54045,0.4487
54047,0.4839
54049,0.4369
54051,0.4585
54053,0.4247
54055,0.4594
54057,0.4534
54059,0.4646
54061,0.5153
54063,0.3896
54065,0.4554
54067,0.503
54069,0.4958
54071,0.4563
54073,0.4283
54075,0.4293
54077,0.3976
54079,0.4298
54081,0.4547
54083,0.4409
54085,0.3879
54087,0.4639
54089,0.429
54091,0.4405
54093,0.4305
54095,0.4362
54097,0.427
54099,0.4517
54101,0.4586
54103,0.4566
54105,0.4567
54107,0.456
54109,0.4444
55001,0.4006
55003,0.4295
55005,0.4086
55007,0.411
55009,0.4339
55011,0.4121
55013,0.424
55015,0.3751
55017,0.4004
55019,0.4184
55021,0.3945
55023,0.415
55025,0.4434
55027,0.3879
55029,0.4387
55031,0.4187
55033,0.4096
55035,0.4469
55037,0.3971
55039,0.4018
55041,0.4095
55043,0.4055
55045,0.4097
55047,0.4194
55049,0.4046
55051,0.4328
55053,0.4071
55055,0.3951
55057,0.4114
55059,0.434
55061,0.4038
55063,0.4313
55065,0.396
55067,0.4308
55069,0.4019
55071,0.4069
55073,0.4307
55075,0.4235
55077,0.4005
55078,0.4479
55079,0.4695
55081,0.3911
55083,0.405
55085,0.43
55087,0.4048
55089,0.4738
55091,0.4119
55093,0.4209
55095,0.4151
55097,0.4191
55099,0.3975
55101,0.4308
55103,0.4278
55105,0.4118
55107,0.4176
55109,0.4071
55111,0.4061
55113,0.4452
55115,0.4092
55117,0.4036
55119,0.4236
55121,0.4179
55123,0.4349
55125,0.4379
55127,0.4303
55129,0.4401
55131,0.399
55133,0.4248
55135,0.4063
55137,0.4125
55139,0.4317
55141,0.4159
56001,0.4896
56003,0.3926
56005,0.3763
56007,0.3799
56009,0.4055
56011,0.3999
56013,0.4081
56015,0.4157
56017,0.4223
56019,0.3848
56021,0.4064
56023,0.3738
56025,0.424
56027,0.4841
56029,0.3795
56031,0.4138
56033,0.4121
56035,0.344
56037,0.3818
56039,0.4875
56041,0.4273
56043,0.475
56045,0.4178
